{
  "getUserSpecificPermissions" : {
    "transaction" : "getUserSpecificPermissions",
    "sampleCount" : 20,
    "errorCount" : 0,
    "errorPct" : 0.0,
    "meanResTime" : 3104.7999999999997,
    "medianResTime" : 2508.5,
    "minResTime" : 2346.0,
    "maxResTime" : 5190.0,
    "pct1ResTime" : 5172.900000000001,
    "pct2ResTime" : 5189.7,
    "pct3ResTime" : 5190.0,
    "throughput" : 3.8424591738712777,
    "receivedKBytesPerSec" : 2.9156159942363113,
    "sentKBytesPerSec" : 11.516120317002882
  },
  "getUserOrganisationList" : {
    "transaction" : "getUserOrganisationList",
    "sampleCount" : 20,
    "errorCount" : 0,
    "errorPct" : 0.0,
    "meanResTime" : 923.8499999999999,
    "medianResTime" : 715.0,
    "minResTime" : 595.0,
    "maxResTime" : 3368.0,
    "pct1ResTime" : 1165.0,
    "pct2ResTime" : 3257.8999999999983,
    "pct3ResTime" : 3368.0,
    "throughput" : 5.436259853220984,
    "receivedKBytesPerSec" : 14.84088322234303,
    "sentKBytesPerSec" : 17.3333871296548
  },
  "Total" : {
    "transaction" : "Total",
    "sampleCount" : 60,
    "errorCount" : 0,
    "errorPct" : 0.0,
    "meanResTime" : 1722.6499999999996,
    "medianResTime" : 1186.0,
    "minResTime" : 595.0,
    "maxResTime" : 5190.0,
    "pct1ResTime" : 3283.299999999999,
    "pct2ResTime" : 5063.099999999999,
    "pct3ResTime" : 5190.0,
    "throughput" : 8.588605782994561,
    "receivedKBytesPerSec" : 12.629891479387346,
    "sentKBytesPerSec" : 26.87014654308617
  },
  "CAM Specific getUserSpecificPermissions" : {
    "transaction" : "CAM Specific getUserSpecificPermissions",
    "sampleCount" : 20,
    "errorCount" : 0,
    "errorPct" : 0.0,
    "meanResTime" : 1139.3,
    "medianResTime" : 1080.0,
    "minResTime" : 940.0,
    "maxResTime" : 1407.0,
    "pct1ResTime" : 1325.7,
    "pct2ResTime" : 1403.1,
    "pct3ResTime" : 1407.0,
    "throughput" : 4.9862877088007975,
    "receivedKBytesPerSec" : 4.601603403141361,
    "sentKBytesPerSec" : 15.957094552480678
  }
}