{
  "getUserSpecificPermissions" : {
    "transaction" : "getUserSpecificPermissions",
    "sampleCount" : 10,
    "errorCount" : 0,
    "errorPct" : 0.0,
    "meanResTime" : 4451.8,
    "medianResTime" : 5276.0,
    "minResTime" : 2319.0,
    "maxResTime" : 6079.0,
    "pct1ResTime" : 6000.1,
    "pct2ResTime" : 6079.0,
    "pct3ResTime" : 6079.0,
    "throughput" : 1.6450074025333115,
    "receivedKBytesPerSec" : 1.2482136247738116,
    "sentKBytesPerSec" : 4.930202849975325
  },
  "getUserOrganisationList" : {
    "transaction" : "getUserOrganisationList",
    "sampleCount" : 10,
    "errorCount" : 0,
    "errorPct" : 0.0,
    "meanResTime" : 854.5,
    "medianResTime" : 786.0,
    "minResTime" : 657.0,
    "maxResTime" : 1191.0,
    "pct1ResTime" : 1186.8,
    "pct2ResTime" : 1191.0,
    "pct3ResTime" : 1191.0,
    "throughput" : 2.1114864864864864,
    "receivedKBytesPerSec" : 5.76988426414696,
    "sentKBytesPerSec" : 6.732425174197635
  },
  "Total" : {
    "transaction" : "Total",
    "sampleCount" : 30,
    "errorCount" : 0,
    "errorPct" : 0.0,
    "meanResTime" : 2153.8666666666672,
    "medianResTime" : 1222.5,
    "minResTime" : 657.0,
    "maxResTime" : 6079.0,
    "pct1ResTime" : 5289.0,
    "pct2ResTime" : 5645.049999999999,
    "pct3ResTime" : 6079.0,
    "throughput" : 3.692762186115214,
    "receivedKBytesPerSec" : 5.433601443254554,
    "sentKBytesPerSec" : 11.55310461287543
  },
  "CAM Specific getUserSpecificPermissions" : {
    "transaction" : "CAM Specific getUserSpecificPermissions",
    "sampleCount" : 10,
    "errorCount" : 0,
    "errorPct" : 0.0,
    "meanResTime" : 1155.3,
    "medianResTime" : 1217.0,
    "minResTime" : 980.0,
    "maxResTime" : 1261.0,
    "pct1ResTime" : 1260.6,
    "pct2ResTime" : 1261.0,
    "pct3ResTime" : 1261.0,
    "throughput" : 1.9688915140775742,
    "receivedKBytesPerSec" : 1.8169946101594803,
    "sentKBytesPerSec" : 6.300837394172081
  }
}