{
  "getUserSpecificPermissions" : {
    "transaction" : "getUserSpecificPermissions",
    "sampleCount" : 20,
    "errorCount" : 0,
    "errorPct" : 0.0,
    "meanResTime" : 2048.85,
    "medianResTime" : 1879.5,
    "minResTime" : 1637.0,
    "maxResTime" : 3777.0,
    "pct1ResTime" : 3242.000000000002,
    "pct2ResTime" : 3754.7999999999997,
    "pct3ResTime" : 3777.0,
    "throughput" : 1.1429877700308608,
    "receivedKBytesPerSec" : 0.9465367470568065,
    "sentKBytesPerSec" : 3.4256147131100696
  },
  "getUserOrganisationList" : {
    "transaction" : "getUserOrganisationList",
    "sampleCount" : 18,
    "errorCount" : 0,
    "errorPct" : 0.0,
    "meanResTime" : 794.0555555555555,
    "medianResTime" : 719.0,
    "minResTime" : 658.0,
    "maxResTime" : 1168.0,
    "pct1ResTime" : 1114.0,
    "pct2ResTime" : 1168.0,
    "pct3ResTime" : 1168.0,
    "throughput" : 1.2425790418334943,
    "receivedKBytesPerSec" : 3.3852728496479356,
    "sentKBytesPerSec" : 3.9619341519398037
  },
  "Total" : {
    "transaction" : "Total",
    "sampleCount" : 54,
    "errorCount" : 0,
    "errorPct" : 0.0,
    "meanResTime" : 1340.7962962962963,
    "medianResTime" : 1090.5,
    "minResTime" : 658.0,
    "maxResTime" : 3777.0,
    "pct1ResTime" : 2100.0,
    "pct2ResTime" : 2650.5,
    "pct3ResTime" : 3777.0,
    "throughput" : 2.956636005256242,
    "receivedKBytesPerSec" : 4.468746577967587,
    "sentKBytesPerSec" : 9.227831218517302
  },
  "CAM Specific getUserSpecificPermissions" : {
    "transaction" : "CAM Specific getUserSpecificPermissions",
    "sampleCount" : 16,
    "errorCount" : 0,
    "errorPct" : 0.0,
    "meanResTime" : 1070.8125,
    "medianResTime" : 1060.0,
    "minResTime" : 949.0,
    "maxResTime" : 1346.0,
    "pct1ResTime" : 1247.3000000000002,
    "pct2ResTime" : 1346.0,
    "pct3ResTime" : 1346.0,
    "throughput" : 1.2133161446879503,
    "receivedKBytesPerSec" : 1.2145010237354972,
    "sentKBytesPerSec" : 3.8828486388109504
  }
}