{
  "getUserSpecificPermissions" : {
    "transaction" : "getUserSpecificPermissions",
    "sampleCount" : 25,
    "errorCount" : 0,
    "errorPct" : 0.0,
    "meanResTime" : 4690.16,
    "medianResTime" : 4712.0,
    "minResTime" : 3626.0,
    "maxResTime" : 7596.0,
    "pct1ResTime" : 5019.400000000001,
    "pct2ResTime" : 6849.299999999998,
    "pct3ResTime" : 7596.0,
    "throughput" : 3.284287966368891,
    "receivedKBytesPerSec" : 2.719800972149238,
    "sentKBytesPerSec" : 9.843241961705202
  },
  "getUserOrganisationList" : {
    "transaction" : "getUserOrganisationList",
    "sampleCount" : 25,
    "errorCount" : 0,
    "errorPct" : 0.0,
    "meanResTime" : 1048.56,
    "medianResTime" : 998.0,
    "minResTime" : 714.0,
    "maxResTime" : 3412.0,
    "pct1ResTime" : 1125.8,
    "pct2ResTime" : 2727.3999999999983,
    "pct3ResTime" : 3412.0,
    "throughput" : 5.260942760942761,
    "receivedKBytesPerSec" : 14.336685540298822,
    "sentKBytesPerSec" : 16.774392689920035
  },
  "Total" : {
    "transaction" : "Total",
    "sampleCount" : 75,
    "errorCount" : 0,
    "errorPct" : 0.0,
    "meanResTime" : 2380.0399999999986,
    "medianResTime" : 1518.0,
    "minResTime" : 714.0,
    "maxResTime" : 7596.0,
    "pct1ResTime" : 4809.0,
    "pct2ResTime" : 4917.8,
    "pct3ResTime" : 7596.0,
    "throughput" : 7.941550190597205,
    "receivedKBytesPerSec" : 12.05585226069462,
    "sentKBytesPerSec" : 24.84578088601228
  },
  "CAM Specific getUserSpecificPermissions" : {
    "transaction" : "CAM Specific getUserSpecificPermissions",
    "sampleCount" : 25,
    "errorCount" : 0,
    "errorPct" : 0.0,
    "meanResTime" : 1401.3999999999999,
    "medianResTime" : 1507.0,
    "minResTime" : 933.0,
    "maxResTime" : 1660.0,
    "pct1ResTime" : 1654.0,
    "pct2ResTime" : 1659.1,
    "pct3ResTime" : 1660.0,
    "throughput" : 4.981071926678621,
    "receivedKBytesPerSec" : 4.985936254732018,
    "sentKBytesPerSec" : 15.940403030982267
  }
}