{
  "getUserSpecificPermissions" : {
    "transaction" : "getUserSpecificPermissions",
    "sampleCount" : 25,
    "errorCount" : 0,
    "errorPct" : 0.0,
    "meanResTime" : 3830.92,
    "medianResTime" : 3144.0,
    "minResTime" : 2550.0,
    "maxResTime" : 5863.0,
    "pct1ResTime" : 5842.2,
    "pct2ResTime" : 5857.3,
    "pct3ResTime" : 5863.0,
    "throughput" : 4.264028654272557,
    "receivedKBytesPerSec" : 3.651907353317414,
    "sentKBytesPerSec" : 12.779593691369605
  },
  "getUserOrganisationList" : {
    "transaction" : "getUserOrganisationList",
    "sampleCount" : 25,
    "errorCount" : 0,
    "errorPct" : 0.0,
    "meanResTime" : 1126.16,
    "medianResTime" : 875.0,
    "minResTime" : 607.0,
    "maxResTime" : 3731.0,
    "pct1ResTime" : 2309.0000000000045,
    "pct2ResTime" : 3710.3,
    "pct3ResTime" : 3731.0,
    "throughput" : 5.483658697082693,
    "receivedKBytesPerSec" : 14.934187527418294,
    "sentKBytesPerSec" : 17.484517232397454
  },
  "Total" : {
    "transaction" : "Total",
    "sampleCount" : 75,
    "errorCount" : 0,
    "errorPct" : 0.0,
    "meanResTime" : 2044.5866666666673,
    "medianResTime" : 1212.0,
    "minResTime" : 607.0,
    "maxResTime" : 5863.0,
    "pct1ResTime" : 4450.20000000001,
    "pct2ResTime" : 5833.8,
    "pct3ResTime" : 5863.0,
    "throughput" : 9.188924283263907,
    "receivedKBytesPerSec" : 14.135628522420975,
    "sentKBytesPerSec" : 28.748291434391078
  },
  "CAM Specific getUserSpecificPermissions" : {
    "transaction" : "CAM Specific getUserSpecificPermissions",
    "sampleCount" : 25,
    "errorCount" : 0,
    "errorPct" : 0.0,
    "meanResTime" : 1176.6799999999998,
    "medianResTime" : 1130.0,
    "minResTime" : 974.0,
    "maxResTime" : 1793.0,
    "pct1ResTime" : 1424.4,
    "pct2ResTime" : 1696.9999999999998,
    "pct3ResTime" : 1793.0,
    "throughput" : 5.230125523012552,
    "receivedKBytesPerSec" : 5.413997123430962,
    "sentKBytesPerSec" : 16.73742318253138
  }
}