{
  "getUserSpecificPermissions" : {
    "transaction" : "getUserSpecificPermissions",
    "sampleCount" : 229,
    "errorCount" : 0,
    "errorPct" : 0.0,
    "meanResTime" : 1976.2489082969446,
    "medianResTime" : 1869.0,
    "minResTime" : 1562.0,
    "maxResTime" : 5164.0,
    "pct1ResTime" : 2337.0,
    "pct2ResTime" : 2739.0,
    "pct3ResTime" : 4753.199999999999,
    "throughput" : 3.1390073060737738,
    "receivedKBytesPerSec" : 2.688388093190136,
    "sentKBytesPerSec" : 9.407825607754306
  },
  "getUserOrganisationList" : {
    "transaction" : "getUserOrganisationList",
    "sampleCount" : 219,
    "errorCount" : 0,
    "errorPct" : 0.0,
    "meanResTime" : 805.4520547945207,
    "medianResTime" : 727.0,
    "minResTime" : 597.0,
    "maxResTime" : 3957.0,
    "pct1ResTime" : 980.0,
    "pct2ResTime" : 1205.0,
    "pct3ResTime" : 1587.4000000000024,
    "throughput" : 3.234381922906513,
    "receivedKBytesPerSec" : 8.783711670174274,
    "sentKBytesPerSec" : 10.3127509553611
  },
  "Total" : {
    "transaction" : "Total",
    "sampleCount" : 666,
    "errorCount" : 0,
    "errorPct" : 0.0,
    "meanResTime" : 1307.5495495495493,
    "medianResTime" : 1077.5,
    "minResTime" : 597.0,
    "maxResTime" : 5164.0,
    "pct1ResTime" : 1969.0,
    "pct2ResTime" : 2172.6499999999996,
    "pct3ResTime" : 3679.620000000017,
    "throughput" : 9.129165353035516,
    "receivedKBytesPerSec" : 13.93411040327334,
    "sentKBytesPerSec" : 28.54232241134703
  },
  "CAM Specific getUserSpecificPermissions" : {
    "transaction" : "CAM Specific getUserSpecificPermissions",
    "sampleCount" : 218,
    "errorCount" : 0,
    "errorPct" : 0.0,
    "meanResTime" : 1109.5091743119265,
    "medianResTime" : 1060.0,
    "minResTime" : 883.0,
    "maxResTime" : 1754.0,
    "pct1ResTime" : 1374.2,
    "pct2ResTime" : 1400.1,
    "pct3ResTime" : 1711.46,
    "throughput" : 3.2074860959891707,
    "receivedKBytesPerSec" : 3.3202492790512905,
    "sentKBytesPerSec" : 10.264581969293472
  }
}