{
  "getUserSpecificPermissions" : {
    "transaction" : "getUserSpecificPermissions",
    "sampleCount" : 20,
    "errorCount" : 0,
    "errorPct" : 0.0,
    "meanResTime" : 5325.6,
    "medianResTime" : 3629.0,
    "minResTime" : 2851.0,
    "maxResTime" : 10473.0,
    "pct1ResTime" : 8884.0,
    "pct2ResTime" : 10394.4,
    "pct3ResTime" : 10473.0,
    "throughput" : 1.9025875190258752,
    "receivedKBytesPerSec" : 1.6294621622907153,
    "sentKBytesPerSec" : 5.702188570205479
  },
  "getUserOrganisationList" : {
    "transaction" : "getUserOrganisationList",
    "sampleCount" : 20,
    "errorCount" : 0,
    "errorPct" : 0.0,
    "meanResTime" : 843.05,
    "medianResTime" : 799.0,
    "minResTime" : 658.0,
    "maxResTime" : 1180.0,
    "pct1ResTime" : 1070.3,
    "pct2ResTime" : 1174.6,
    "pct3ResTime" : 1180.0,
    "throughput" : 2.3730422401518747,
    "receivedKBytesPerSec" : 6.462368741101091,
    "sentKBytesPerSec" : 7.566389564546748
  },
  "Total" : {
    "transaction" : "Total",
    "sampleCount" : 60,
    "errorCount" : 0,
    "errorPct" : 0.0,
    "meanResTime" : 2924.2666666666664,
    "medianResTime" : 2243.0,
    "minResTime" : 658.0,
    "maxResTime" : 10473.0,
    "pct1ResTime" : 8066.4,
    "pct2ResTime" : 8703.799999999997,
    "pct3ResTime" : 10473.0,
    "throughput" : 4.7225501770956315,
    "receivedKBytesPerSec" : 7.2646103896103895,
    "sentKBytesPerSec" : 14.774879476584022
  },
  "CAM Specific getUserSpecificPermissions" : {
    "transaction" : "CAM Specific getUserSpecificPermissions",
    "sampleCount" : 20,
    "errorCount" : 0,
    "errorPct" : 0.0,
    "meanResTime" : 2604.149999999999,
    "medianResTime" : 2324.5,
    "minResTime" : 937.0,
    "maxResTime" : 5992.0,
    "pct1ResTime" : 4903.6,
    "pct2ResTime" : 5937.699999999999,
    "pct3ResTime" : 5992.0,
    "throughput" : 2.2185246810870773,
    "receivedKBytesPerSec" : 2.2965196894065447,
    "sentKBytesPerSec" : 7.099712285080421
  }
}