{
  "getUserSpecificPermissions" : {
    "transaction" : "getUserSpecificPermissions",
    "sampleCount" : 467,
    "errorCount" : 0,
    "errorPct" : 0.0,
    "meanResTime" : 1668.8779443254825,
    "medianResTime" : 1647.0,
    "minResTime" : 1483.0,
    "maxResTime" : 2327.0,
    "pct1ResTime" : 1811.2,
    "pct2ResTime" : 1931.1999999999998,
    "pct3ResTime" : 2118.64,
    "throughput" : 4.692854199953775,
    "receivedKBytesPerSec" : 3.5608864388321124,
    "sentKBytesPerSec" : 14.064814003572398
  },
  "getUserOrganisationList" : {
    "transaction" : "getUserOrganisationList",
    "sampleCount" : 460,
    "errorCount" : 0,
    "errorPct" : 0.0,
    "meanResTime" : 698.4413043478268,
    "medianResTime" : 682.0,
    "minResTime" : 543.0,
    "maxResTime" : 1237.0,
    "pct1ResTime" : 799.6000000000001,
    "pct2ResTime" : 858.55,
    "pct3ResTime" : 1085.0699999999997,
    "throughput" : 4.8494048936820695,
    "receivedKBytesPerSec" : 13.218396342652625,
    "sentKBytesPerSec" : 15.46221384557808
  },
  "Total" : {
    "transaction" : "Total",
    "sampleCount" : 1383,
    "errorCount" : 0,
    "errorPct" : 0.0,
    "meanResTime" : 1144.885755603759,
    "medianResTime" : 1043.0,
    "minResTime" : 543.0,
    "maxResTime" : 2327.0,
    "pct1ResTime" : 1685.0,
    "pct2ResTime" : 1761.6,
    "pct3ResTime" : 1986.4400000000007,
    "throughput" : 13.897681709927346,
    "receivedKBytesPerSec" : 20.389619713630378,
    "sentKBytesPerSec" : 43.46788979517751
  },
  "CAM Specific getUserSpecificPermissions" : {
    "transaction" : "CAM Specific getUserSpecificPermissions",
    "sampleCount" : 456,
    "errorCount" : 0,
    "errorPct" : 0.0,
    "meanResTime" : 1058.6140350877185,
    "medianResTime" : 1033.0,
    "minResTime" : 844.0,
    "maxResTime" : 1504.0,
    "pct1ResTime" : 1235.3,
    "pct2ResTime" : 1286.3,
    "pct3ResTime" : 1412.43,
    "throughput" : 4.79843419515737,
    "receivedKBytesPerSec" : 4.428242494554408,
    "sentKBytesPerSec" : 15.355926618682323
  }
}