{
  "getUserSpecificPermissions" : {
    "transaction" : "getUserSpecificPermissions",
    "sampleCount" : 10,
    "errorCount" : 0,
    "errorPct" : 0.0,
    "meanResTime" : 4656.5,
    "medianResTime" : 4598.0,
    "minResTime" : 3781.0,
    "maxResTime" : 5669.0,
    "pct1ResTime" : 5668.3,
    "pct2ResTime" : 5669.0,
    "pct3ResTime" : 5669.0,
    "throughput" : 1.7596339961288052,
    "receivedKBytesPerSec" : 1.5070302877001585,
    "sentKBytesPerSec" : 5.273746810663382
  },
  "getUserOrganisationList" : {
    "transaction" : "getUserOrganisationList",
    "sampleCount" : 10,
    "errorCount" : 0,
    "errorPct" : 0.0,
    "meanResTime" : 1104.8,
    "medianResTime" : 1037.0,
    "minResTime" : 807.0,
    "maxResTime" : 2439.0,
    "pct1ResTime" : 2303.1000000000004,
    "pct2ResTime" : 2439.0,
    "pct3ResTime" : 2439.0,
    "throughput" : 3.063725490196078,
    "receivedKBytesPerSec" : 8.353439031862745,
    "sentKBytesPerSec" : 9.768616919424021
  },
  "Total" : {
    "transaction" : "Total",
    "sampleCount" : 30,
    "errorCount" : 0,
    "errorPct" : 0.0,
    "meanResTime" : 2295.4333333333325,
    "medianResTime" : 1088.5,
    "minResTime" : 807.0,
    "maxResTime" : 5669.0,
    "pct1ResTime" : 4670.2,
    "pct2ResTime" : 5665.15,
    "pct3ResTime" : 5669.0,
    "throughput" : 3.624939584340261,
    "receivedKBytesPerSec" : 5.580188572377961,
    "sentKBytesPerSec" : 11.340916127960368
  },
  "CAM Specific getUserSpecificPermissions" : {
    "transaction" : "CAM Specific getUserSpecificPermissions",
    "sampleCount" : 10,
    "errorCount" : 0,
    "errorPct" : 0.0,
    "meanResTime" : 1125.0000000000002,
    "medianResTime" : 1086.5,
    "minResTime" : 974.0,
    "maxResTime" : 1449.0,
    "pct1ResTime" : 1425.8000000000002,
    "pct2ResTime" : 1449.0,
    "pct3ResTime" : 1449.0,
    "throughput" : 2.721829069134458,
    "receivedKBytesPerSec" : 2.8175183723462167,
    "sentKBytesPerSec" : 8.710384628470333
  }
}