{
  "getUserSpecificPermissions" : {
    "transaction" : "getUserSpecificPermissions",
    "sampleCount" : 5,
    "errorCount" : 0,
    "errorPct" : 0.0,
    "meanResTime" : 2713.2,
    "medianResTime" : 2740.0,
    "minResTime" : 2579.0,
    "maxResTime" : 2767.0,
    "pct1ResTime" : 2767.0,
    "pct2ResTime" : 2767.0,
    "pct3ResTime" : 2767.0,
    "throughput" : 1.8050541516245489,
    "receivedKBytesPerSec" : 1.545930166967509,
    "sentKBytesPerSec" : 5.409874210288809
  },
  "getUserOrganisationList" : {
    "transaction" : "getUserOrganisationList",
    "sampleCount" : 5,
    "errorCount" : 0,
    "errorPct" : 0.0,
    "meanResTime" : 1589.2,
    "medianResTime" : 1559.0,
    "minResTime" : 1554.0,
    "maxResTime" : 1714.0,
    "pct1ResTime" : 1714.0,
    "pct2ResTime" : 1714.0,
    "pct3ResTime" : 1714.0,
    "throughput" : 2.9086678301337985,
    "receivedKBytesPerSec" : 7.897146778650378,
    "sentKBytesPerSec" : 9.274219204479348
  },
  "Total" : {
    "transaction" : "Total",
    "sampleCount" : 15,
    "errorCount" : 0,
    "errorPct" : 0.0,
    "meanResTime" : 1783.1333333333334,
    "medianResTime" : 1559.0,
    "minResTime" : 973.0,
    "maxResTime" : 2767.0,
    "pct1ResTime" : 2751.4,
    "pct2ResTime" : 2767.0,
    "pct3ResTime" : 2767.0,
    "throughput" : 2.7432333577176298,
    "receivedKBytesPerSec" : 4.212363409839064,
    "sentKBytesPerSec" : 8.582427018562546
  },
  "CAM Specific getUserSpecificPermissions" : {
    "transaction" : "CAM Specific getUserSpecificPermissions",
    "sampleCount" : 5,
    "errorCount" : 0,
    "errorPct" : 0.0,
    "meanResTime" : 1047.0,
    "medianResTime" : 1045.0,
    "minResTime" : 973.0,
    "maxResTime" : 1141.0,
    "pct1ResTime" : 1141.0,
    "pct2ResTime" : 1141.0,
    "pct3ResTime" : 1141.0,
    "throughput" : 4.374453193350831,
    "receivedKBytesPerSec" : 4.528242563429571,
    "sentKBytesPerSec" : 13.999104604111986
  }
}