{
  "getUserSpecificPermissions" : {
    "transaction" : "getUserSpecificPermissions",
    "sampleCount" : 862,
    "errorCount" : 0,
    "errorPct" : 0.0,
    "meanResTime" : 1966.8619489559153,
    "medianResTime" : 1918.5,
    "minResTime" : 1539.0,
    "maxResTime" : 4772.0,
    "pct1ResTime" : 2249.4,
    "pct2ResTime" : 2419.349999999999,
    "pct3ResTime" : 3190.7,
    "throughput" : 5.167277108722628,
    "receivedKBytesPerSec" : 4.279151355660926,
    "sentKBytesPerSec" : 15.486692819013422
  },
  "getUserOrganisationList" : {
    "transaction" : "getUserOrganisationList",
    "sampleCount" : 848,
    "errorCount" : 0,
    "errorPct" : 0.0,
    "meanResTime" : 788.3962264150942,
    "medianResTime" : 756.0,
    "minResTime" : 596.0,
    "maxResTime" : 3562.0,
    "pct1ResTime" : 952.1,
    "pct2ResTime" : 1043.0,
    "pct3ResTime" : 1158.0,
    "throughput" : 5.12656199935918,
    "receivedKBytesPerSec" : 13.972483835913742,
    "sentKBytesPerSec" : 16.345922781159885
  },
  "Total" : {
    "transaction" : "Total",
    "sampleCount" : 2553,
    "errorCount" : 0,
    "errorPct" : 0.0,
    "meanResTime" : 1341.6745005875448,
    "medianResTime" : 1235.0,
    "minResTime" : 596.0,
    "maxResTime" : 4772.0,
    "pct1ResTime" : 2065.0,
    "pct2ResTime" : 2198.0,
    "pct3ResTime" : 2592.2200000000003,
    "throughput" : 15.151964770049796,
    "receivedKBytesPerSec" : 22.96176969332554,
    "sentKBytesPerSec" : 47.39109270303514
  },
  "CAM Specific getUserSpecificPermissions" : {
    "transaction" : "CAM Specific getUserSpecificPermissions",
    "sampleCount" : 843,
    "errorCount" : 0,
    "errorPct" : 0.0,
    "meanResTime" : 1258.9561091340458,
    "medianResTime" : 1228.0,
    "minResTime" : 885.0,
    "maxResTime" : 4762.0,
    "pct1ResTime" : 1520.8000000000002,
    "pct2ResTime" : 1579.8,
    "pct3ResTime" : 1854.519999999999,
    "throughput" : 5.086832164709573,
    "receivedKBytesPerSec" : 5.091799774245422,
    "sentKBytesPerSec" : 16.278856448977805
  }
}