{
  "getUserSpecificPermissions" : {
    "transaction" : "getUserSpecificPermissions",
    "sampleCount" : 10,
    "errorCount" : 0,
    "errorPct" : 0.0,
    "meanResTime" : 3460.0,
    "medianResTime" : 3446.5,
    "minResTime" : 3133.0,
    "maxResTime" : 3807.0,
    "pct1ResTime" : 3806.7,
    "pct2ResTime" : 3807.0,
    "pct3ResTime" : 3807.0,
    "throughput" : 2.6226068712300026,
    "receivedKBytesPerSec" : 2.171846315237346,
    "sentKBytesPerSec" : 7.8601371951219505
  },
  "getUserOrganisationList" : {
    "transaction" : "getUserOrganisationList",
    "sampleCount" : 10,
    "errorCount" : 0,
    "errorPct" : 0.0,
    "meanResTime" : 1153.8000000000002,
    "medianResTime" : 827.5,
    "minResTime" : 661.0,
    "maxResTime" : 3746.0,
    "pct1ResTime" : 3522.9000000000005,
    "pct2ResTime" : 3746.0,
    "pct3ResTime" : 3746.0,
    "throughput" : 2.472799208704253,
    "receivedKBytesPerSec" : 6.738377843719091,
    "sentKBytesPerSec" : 7.884462320722058
  },
  "Total" : {
    "transaction" : "Total",
    "sampleCount" : 30,
    "errorCount" : 0,
    "errorPct" : 0.0,
    "meanResTime" : 1944.8666666666666,
    "medianResTime" : 1297.5,
    "minResTime" : 661.0,
    "maxResTime" : 3807.0,
    "pct1ResTime" : 3785.6,
    "pct2ResTime" : 3805.35,
    "pct3ResTime" : 3807.0,
    "throughput" : 3.6509675063891933,
    "receivedKBytesPerSec" : 5.542292275161251,
    "sentKBytesPerSec" : 11.422346583302907
  },
  "CAM Specific getUserSpecificPermissions" : {
    "transaction" : "CAM Specific getUserSpecificPermissions",
    "sampleCount" : 10,
    "errorCount" : 0,
    "errorPct" : 0.0,
    "meanResTime" : 1220.8,
    "medianResTime" : 1294.0,
    "minResTime" : 1021.0,
    "maxResTime" : 1304.0,
    "pct1ResTime" : 1303.5,
    "pct2ResTime" : 1304.0,
    "pct3ResTime" : 1304.0,
    "throughput" : 2.271178741766977,
    "receivedKBytesPerSec" : 2.273396689756984,
    "sentKBytesPerSec" : 7.268215563252329
  }
}