{
  "getUserSpecificPermissions" : {
    "transaction" : "getUserSpecificPermissions",
    "sampleCount" : 15,
    "errorCount" : 0,
    "errorPct" : 0.0,
    "meanResTime" : 5389.0,
    "medianResTime" : 4465.0,
    "minResTime" : 3792.0,
    "maxResTime" : 7534.0,
    "pct1ResTime" : 7500.4,
    "pct2ResTime" : 7534.0,
    "pct3ResTime" : 7534.0,
    "throughput" : 1.986228813559322,
    "receivedKBytesPerSec" : 1.701096356925318,
    "sentKBytesPerSec" : 5.952867410950742
  },
  "getUserOrganisationList" : {
    "transaction" : "getUserOrganisationList",
    "sampleCount" : 15,
    "errorCount" : 0,
    "errorPct" : 0.0,
    "meanResTime" : 1021.9333333333335,
    "medianResTime" : 907.0,
    "minResTime" : 670.0,
    "maxResTime" : 3563.0,
    "pct1ResTime" : 2002.400000000001,
    "pct2ResTime" : 3563.0,
    "pct3ResTime" : 3563.0,
    "throughput" : 3.223726627981947,
    "receivedKBytesPerSec" : 8.79829713356974,
    "sentKBytesPerSec" : 10.278776797227597
  },
  "Total" : {
    "transaction" : "Total",
    "sampleCount" : 45,
    "errorCount" : 0,
    "errorPct" : 0.0,
    "meanResTime" : 2493.6222222222223,
    "medianResTime" : 1041.0,
    "minResTime" : 670.0,
    "maxResTime" : 7534.0,
    "pct1ResTime" : 6510.999999999998,
    "pct2ResTime" : 7460.3,
    "pct3ResTime" : 7534.0,
    "throughput" : 4.726890756302521,
    "receivedKBytesPerSec" : 7.280724789915967,
    "sentKBytesPerSec" : 14.788459329044118
  },
  "CAM Specific getUserSpecificPermissions" : {
    "transaction" : "CAM Specific getUserSpecificPermissions",
    "sampleCount" : 15,
    "errorCount" : 0,
    "errorPct" : 0.0,
    "meanResTime" : 1069.9333333333336,
    "medianResTime" : 1028.0,
    "minResTime" : 972.0,
    "maxResTime" : 1383.0,
    "pct1ResTime" : 1353.0,
    "pct2ResTime" : 1383.0,
    "pct3ResTime" : 1383.0,
    "throughput" : 2.9791459781529297,
    "receivedKBytesPerSec" : 3.083881578947368,
    "sentKBytesPerSec" : 9.533848994538232
  }
}