{
  "getUserSpecificPermissions" : {
    "transaction" : "getUserSpecificPermissions",
    "sampleCount" : 851,
    "errorCount" : 0,
    "errorPct" : 0.0,
    "meanResTime" : 1990.784958871914,
    "medianResTime" : 1925.0,
    "minResTime" : 1553.0,
    "maxResTime" : 4963.0,
    "pct1ResTime" : 2339.0000000000005,
    "pct2ResTime" : 2494.8,
    "pct3ResTime" : 3264.6400000000003,
    "throughput" : 5.075082596820171,
    "receivedKBytesPerSec" : 4.346530700596964,
    "sentKBytesPerSec" : 15.210379384415145
  },
  "getUserOrganisationList" : {
    "transaction" : "getUserOrganisationList",
    "sampleCount" : 839,
    "errorCount" : 0,
    "errorPct" : 0.0,
    "meanResTime" : 822.2634088200231,
    "medianResTime" : 768.0,
    "minResTime" : 580.0,
    "maxResTime" : 3683.0,
    "pct1ResTime" : 1046.0,
    "pct2ResTime" : 1101.0,
    "pct3ResTime" : 1322.600000000001,
    "throughput" : 5.106046313483248,
    "receivedKBytesPerSec" : 13.875769529942488,
    "sentKBytesPerSec" : 16.280508997580867
  },
  "Total" : {
    "transaction" : "Total",
    "sampleCount" : 2528,
    "errorCount" : 0,
    "errorPct" : 0.0,
    "meanResTime" : 1356.878955696203,
    "medianResTime" : 1202.5,
    "minResTime" : 580.0,
    "maxResTime" : 4963.0,
    "pct1ResTime" : 2089.0,
    "pct2ResTime" : 2270.5499999999997,
    "pct3ResTime" : 2973.6800000000003,
    "throughput" : 15.036699539620038,
    "receivedKBytesPerSec" : 23.05642907382734,
    "sentKBytesPerSec" : 47.03371565737976
  },
  "CAM Specific getUserSpecificPermissions" : {
    "transaction" : "CAM Specific getUserSpecificPermissions",
    "sampleCount" : 838,
    "errorCount" : 0,
    "errorPct" : 0.0,
    "meanResTime" : 1248.3926014319793,
    "medianResTime" : 1186.0,
    "minResTime" : 854.0,
    "maxResTime" : 4626.0,
    "pct1ResTime" : 1512.7000000000003,
    "pct2ResTime" : 1663.2499999999998,
    "pct3ResTime" : 2410.2500000000005,
    "throughput" : 5.097168577598005,
    "receivedKBytesPerSec" : 5.276365910404185,
    "sentKBytesPerSec" : 16.311934989051426
  }
}