{
  "getUserSpecificPermissions" : {
    "transaction" : "getUserSpecificPermissions",
    "sampleCount" : 23,
    "errorCount" : 0,
    "errorPct" : 0.0,
    "meanResTime" : 1743.391304347826,
    "medianResTime" : 1705.0,
    "minResTime" : 1594.0,
    "maxResTime" : 2112.0,
    "pct1ResTime" : 2017.8,
    "pct2ResTime" : 2096.6,
    "pct3ResTime" : 2112.0,
    "throughput" : 1.2390238646770457,
    "receivedKBytesPerSec" : 0.9401577566934225,
    "sentKBytesPerSec" : 3.7134416413025915
  },
  "getUserOrganisationList" : {
    "transaction" : "getUserOrganisationList",
    "sampleCount" : 20,
    "errorCount" : 0,
    "errorPct" : 0.0,
    "meanResTime" : 698.0,
    "medianResTime" : 671.0,
    "minResTime" : 628.0,
    "maxResTime" : 843.0,
    "pct1ResTime" : 829.2,
    "pct2ResTime" : 842.4,
    "pct3ResTime" : 843.0,
    "throughput" : 1.3297872340425532,
    "receivedKBytesPerSec" : 3.6249688331117023,
    "sentKBytesPerSec" : 4.239995428856383
  },
  "Total" : {
    "transaction" : "Total",
    "sampleCount" : 63,
    "errorCount" : 0,
    "errorPct" : 0.0,
    "meanResTime" : 1189.3333333333335,
    "medianResTime" : 1032.0,
    "minResTime" : 628.0,
    "maxResTime" : 2112.0,
    "pct1ResTime" : 1777.2,
    "pct2ResTime" : 1984.8,
    "pct3ResTime" : 2112.0,
    "throughput" : 3.3938479771588645,
    "receivedKBytesPerSec" : 4.871449169719335,
    "sentKBytesPerSec" : 10.596673742794808
  },
  "CAM Specific getUserSpecificPermissions" : {
    "transaction" : "CAM Specific getUserSpecificPermissions",
    "sampleCount" : 20,
    "errorCount" : 0,
    "errorPct" : 0.0,
    "meanResTime" : 1043.5,
    "medianResTime" : 1017.5,
    "minResTime" : 923.0,
    "maxResTime" : 1300.0,
    "pct1ResTime" : 1190.5,
    "pct2ResTime" : 1294.55,
    "pct3ResTime" : 1300.0,
    "throughput" : 1.3121637580370031,
    "receivedKBytesPerSec" : 1.2109323743603202,
    "sentKBytesPerSec" : 4.199180307702401
  }
}