{
  "getUserSpecificPermissions" : {
    "transaction" : "getUserSpecificPermissions",
    "sampleCount" : 417,
    "errorCount" : 0,
    "errorPct" : 0.0,
    "meanResTime" : 1824.7146282973615,
    "medianResTime" : 1785.0,
    "minResTime" : 1540.0,
    "maxResTime" : 4359.0,
    "pct1ResTime" : 2042.6,
    "pct2ResTime" : 2191.2999999999997,
    "pct3ResTime" : 2385.1,
    "throughput" : 4.227451059904096,
    "receivedKBytesPerSec" : 3.62058064407802,
    "sentKBytesPerSec" : 12.669968069185227
  },
  "getUserOrganisationList" : {
    "transaction" : "getUserOrganisationList",
    "sampleCount" : 407,
    "errorCount" : 0,
    "errorPct" : 0.0,
    "meanResTime" : 765.4152334152334,
    "medianResTime" : 722.0,
    "minResTime" : 587.0,
    "maxResTime" : 3592.0,
    "pct1ResTime" : 934.5999999999999,
    "pct2ResTime" : 1001.7999999999994,
    "pct3ResTime" : 1186.9200000000005,
    "throughput" : 4.35792832439262,
    "receivedKBytesPerSec" : 11.82796798542182,
    "sentKBytesPerSec" : 13.895152323380767
  },
  "Total" : {
    "transaction" : "Total",
    "sampleCount" : 1227,
    "errorCount" : 0,
    "errorPct" : 0.0,
    "meanResTime" : 1239.449877750611,
    "medianResTime" : 1099.0,
    "minResTime" : 587.0,
    "maxResTime" : 4359.0,
    "pct1ResTime" : 1900.4,
    "pct2ResTime" : 1992.7999999999997,
    "pct3ResTime" : 2311.5600000000004,
    "throughput" : 12.439046643890471,
    "receivedKBytesPerSec" : 19.048418792642003,
    "sentKBytesPerSec" : 38.90032534329031
  },
  "CAM Specific getUserSpecificPermissions" : {
    "transaction" : "CAM Specific getUserSpecificPermissions",
    "sampleCount" : 403,
    "errorCount" : 0,
    "errorPct" : 0.0,
    "meanResTime" : 1112.5930521091814,
    "medianResTime" : 1087.0,
    "minResTime" : 895.0,
    "maxResTime" : 1888.0,
    "pct1ResTime" : 1278.6,
    "pct2ResTime" : 1370.6,
    "pct3ResTime" : 1492.8399999999995,
    "throughput" : 4.301327754770951,
    "receivedKBytesPerSec" : 4.452546308649619,
    "sentKBytesPerSec" : 13.76508891834415
  }
}