{
  "getUserSpecificPermissions" : {
    "transaction" : "getUserSpecificPermissions",
    "sampleCount" : 15,
    "errorCount" : 0,
    "errorPct" : 0.0,
    "meanResTime" : 3007.7333333333336,
    "medianResTime" : 2223.0,
    "minResTime" : 2074.0,
    "maxResTime" : 5009.0,
    "pct1ResTime" : 4798.400000000001,
    "pct2ResTime" : 5009.0,
    "pct3ResTime" : 5009.0,
    "throughput" : 2.9874526986656043,
    "receivedKBytesPerSec" : 2.266846432483569,
    "sentKBytesPerSec" : 8.953605793168691
  },
  "getUserOrganisationList" : {
    "transaction" : "getUserOrganisationList",
    "sampleCount" : 15,
    "errorCount" : 0,
    "errorPct" : 0.0,
    "meanResTime" : 731.1333333333334,
    "medianResTime" : 682.0,
    "minResTime" : 656.0,
    "maxResTime" : 1152.0,
    "pct1ResTime" : 943.2000000000002,
    "pct2ResTime" : 1152.0,
    "pct3ResTime" : 1152.0,
    "throughput" : 4.16435313714603,
    "receivedKBytesPerSec" : 11.388258693087174,
    "sentKBytesPerSec" : 13.277942375763466
  },
  "Total" : {
    "transaction" : "Total",
    "sampleCount" : 45,
    "errorCount" : 0,
    "errorPct" : 0.0,
    "meanResTime" : 1590.9333333333336,
    "medianResTime" : 1041.0,
    "minResTime" : 656.0,
    "maxResTime" : 5009.0,
    "pct1ResTime" : 4473.799999999999,
    "pct2ResTime" : 4657.1,
    "pct3ResTime" : 5009.0,
    "throughput" : 6.778129236330773,
    "receivedKBytesPerSec" : 9.97817701272782,
    "sentKBytesPerSec" : 21.20592450858563
  },
  "CAM Specific getUserSpecificPermissions" : {
    "transaction" : "CAM Specific getUserSpecificPermissions",
    "sampleCount" : 15,
    "errorCount" : 0,
    "errorPct" : 0.0,
    "meanResTime" : 1033.9333333333332,
    "medianResTime" : 1027.0,
    "minResTime" : 954.0,
    "maxResTime" : 1130.0,
    "pct1ResTime" : 1115.0,
    "pct2ResTime" : 1130.0,
    "pct3ResTime" : 1130.0,
    "throughput" : 3.8590172369436586,
    "receivedKBytesPerSec" : 3.5613000868278877,
    "sentKBytesPerSec" : 12.349608872523797
  }
}