{
  "getUserSpecificPermissions" : {
    "transaction" : "getUserSpecificPermissions",
    "sampleCount" : 20,
    "errorCount" : 0,
    "errorPct" : 0.0,
    "meanResTime" : 3561.95,
    "medianResTime" : 3166.0,
    "minResTime" : 2525.0,
    "maxResTime" : 5849.0,
    "pct1ResTime" : 5761.900000000001,
    "pct2ResTime" : 5845.6,
    "pct3ResTime" : 5849.0,
    "throughput" : 3.395585738539898,
    "receivedKBytesPerSec" : 2.8119694397283532,
    "sentKBytesPerSec" : 10.176809210526317
  },
  "getUserOrganisationList" : {
    "transaction" : "getUserOrganisationList",
    "sampleCount" : 20,
    "errorCount" : 0,
    "errorPct" : 0.0,
    "meanResTime" : 733.3500000000001,
    "medianResTime" : 691.0,
    "minResTime" : 640.0,
    "maxResTime" : 1263.0,
    "pct1ResTime" : 910.7000000000004,
    "pct2ResTime" : 1246.2499999999998,
    "pct3ResTime" : 1263.0,
    "throughput" : 4.975124378109452,
    "receivedKBytesPerSec" : 13.553327114427862,
    "sentKBytesPerSec" : 15.86306747512438
  },
  "Total" : {
    "transaction" : "Total",
    "sampleCount" : 60,
    "errorCount" : 0,
    "errorPct" : 0.0,
    "meanResTime" : 1907.616666666666,
    "medianResTime" : 1448.5,
    "minResTime" : 640.0,
    "maxResTime" : 5849.0,
    "pct1ResTime" : 3263.4,
    "pct2ResTime" : 5587.65,
    "pct3ResTime" : 5849.0,
    "throughput" : 7.607455306200076,
    "receivedKBytesPerSec" : 11.546393590718905,
    "sentKBytesPerSec" : 23.800538068974262
  },
  "CAM Specific getUserSpecificPermissions" : {
    "transaction" : "CAM Specific getUserSpecificPermissions",
    "sampleCount" : 20,
    "errorCount" : 0,
    "errorPct" : 0.0,
    "meanResTime" : 1427.5500000000002,
    "medianResTime" : 1448.5,
    "minResTime" : 1050.0,
    "maxResTime" : 1736.0,
    "pct1ResTime" : 1714.6000000000001,
    "pct2ResTime" : 1735.35,
    "pct3ResTime" : 1736.0,
    "throughput" : 4.335573379579449,
    "receivedKBytesPerSec" : 4.339807337957945,
    "sentKBytesPerSec" : 13.874681606329936
  }
}