{
  "getUserSpecificPermissions" : {
    "transaction" : "getUserSpecificPermissions",
    "sampleCount" : 22,
    "errorCount" : 0,
    "errorPct" : 0.0,
    "meanResTime" : 1776.1818181818185,
    "medianResTime" : 1686.0,
    "minResTime" : 1582.0,
    "maxResTime" : 2388.0,
    "pct1ResTime" : 2194.7999999999997,
    "pct2ResTime" : 2372.25,
    "pct3ResTime" : 2388.0,
    "throughput" : 1.1232513019503727,
    "receivedKBytesPerSec" : 0.9620033123149189,
    "sentKBytesPerSec" : 3.3664631305524355
  },
  "getUserOrganisationList" : {
    "transaction" : "getUserOrganisationList",
    "sampleCount" : 20,
    "errorCount" : 0,
    "errorPct" : 0.0,
    "meanResTime" : 715.3,
    "medianResTime" : 686.5,
    "minResTime" : 617.0,
    "maxResTime" : 1104.0,
    "pct1ResTime" : 889.9000000000003,
    "pct2ResTime" : 1093.9499999999998,
    "pct3ResTime" : 1104.0,
    "throughput" : 1.4144271570014144,
    "receivedKBytesPerSec" : 3.8396724717114568,
    "sentKBytesPerSec" : 4.509867839462517
  },
  "Total" : {
    "transaction" : "Total",
    "sampleCount" : 62,
    "errorCount" : 0,
    "errorPct" : 0.0,
    "meanResTime" : 1191.5161290322578,
    "medianResTime" : 1040.5,
    "minResTime" : 617.0,
    "maxResTime" : 2388.0,
    "pct1ResTime" : 1826.0000000000002,
    "pct2ResTime" : 1984.1999999999998,
    "pct3ResTime" : 2388.0,
    "throughput" : 3.1655263964055957,
    "receivedKBytesPerSec" : 4.791069673491269,
    "sentKBytesPerSec" : 9.890175859031963
  },
  "CAM Specific getUserSpecificPermissions" : {
    "transaction" : "CAM Specific getUserSpecificPermissions",
    "sampleCount" : 20,
    "errorCount" : 0,
    "errorPct" : 0.0,
    "meanResTime" : 1024.6000000000001,
    "medianResTime" : 1015.0,
    "minResTime" : 902.0,
    "maxResTime" : 1205.0,
    "pct1ResTime" : 1173.3000000000002,
    "pct2ResTime" : 1203.6,
    "pct3ResTime" : 1205.0,
    "throughput" : 1.3776951160708135,
    "receivedKBytesPerSec" : 1.4261297099951782,
    "sentKBytesPerSec" : 4.408893452503961
  }
}