{
  "getUserSpecificPermissions" : {
    "transaction" : "getUserSpecificPermissions",
    "sampleCount" : 946,
    "errorCount" : 0,
    "errorPct" : 0.0,
    "meanResTime" : 1867.4059196617343,
    "medianResTime" : 1756.0,
    "minResTime" : 1487.0,
    "maxResTime" : 6120.0,
    "pct1ResTime" : 2137.9,
    "pct2ResTime" : 2372.65,
    "pct3ResTime" : 4586.4899999999825,
    "throughput" : 5.586790135122365,
    "receivedKBytesPerSec" : 4.239195249013749,
    "sentKBytesPerSec" : 16.744002856143105
  },
  "getUserOrganisationList" : {
    "transaction" : "getUserOrganisationList",
    "sampleCount" : 931,
    "errorCount" : 0,
    "errorPct" : 0.0,
    "meanResTime" : 759.3931256713208,
    "medianResTime" : 718.0,
    "minResTime" : 560.0,
    "maxResTime" : 2851.0,
    "pct1ResTime" : 908.0,
    "pct2ResTime" : 1043.6,
    "pct3ResTime" : 1244.1599999999994,
    "throughput" : 5.6545901788696895,
    "receivedKBytesPerSec" : 15.41173931982447,
    "sentKBytesPerSec" : 18.029528255868687
  },
  "Total" : {
    "transaction" : "Total",
    "sampleCount" : 2802,
    "errorCount" : 0,
    "errorPct" : 0.0,
    "meanResTime" : 1272.9304068522447,
    "medianResTime" : 1141.0,
    "minResTime" : 560.0,
    "maxResTime" : 6120.0,
    "pct1ResTime" : 1897.0,
    "pct2ResTime" : 2057.0,
    "pct3ResTime" : 2738.669999999998,
    "throughput" : 16.547765283945953,
    "receivedKBytesPerSec" : 24.26602787932297,
    "sentKBytesPerSec" : 51.75683206188581
  },
  "CAM Specific getUserSpecificPermissions" : {
    "transaction" : "CAM Specific getUserSpecificPermissions",
    "sampleCount" : 925,
    "errorCount" : 0,
    "errorPct" : 0.0,
    "meanResTime" : 1181.8270270270277,
    "medianResTime" : 1129.0,
    "minResTime" : 853.0,
    "maxResTime" : 3846.0,
    "pct1ResTime" : 1456.8,
    "pct2ResTime" : 1551.3999999999999,
    "pct3ResTime" : 1887.2400000000002,
    "throughput" : 5.60932421287537,
    "receivedKBytesPerSec" : 5.176573614421118,
    "sentKBytesPerSec" : 17.950933052336513
  }
}