{
  "getUserSpecificPermissions" : {
    "transaction" : "getUserSpecificPermissions",
    "sampleCount" : 397,
    "errorCount" : 0,
    "errorPct" : 0.0,
    "meanResTime" : 1921.9168765743075,
    "medianResTime" : 1877.0,
    "minResTime" : 1577.0,
    "maxResTime" : 4066.0,
    "pct1ResTime" : 2246.6,
    "pct2ResTime" : 2405.1,
    "pct3ResTime" : 2832.5599999999813,
    "throughput" : 4.064790924355981,
    "receivedKBytesPerSec" : 3.366154984232297,
    "sentKBytesPerSec" : 12.182464205906745
  },
  "getUserOrganisationList" : {
    "transaction" : "getUserOrganisationList",
    "sampleCount" : 384,
    "errorCount" : 0,
    "errorPct" : 0.0,
    "meanResTime" : 811.1223958333323,
    "medianResTime" : 744.0,
    "minResTime" : 628.0,
    "maxResTime" : 3932.0,
    "pct1ResTime" : 1003.0,
    "pct2ResTime" : 1109.75,
    "pct3ResTime" : 1727.1999999999543,
    "throughput" : 3.998750390502968,
    "receivedKBytesPerSec" : 10.907581777829845,
    "sentKBytesPerSec" : 12.749921899406436
  },
  "Total" : {
    "transaction" : "Total",
    "sampleCount" : 1159,
    "errorCount" : 0,
    "errorPct" : 0.0,
    "meanResTime" : 1315.1527178602225,
    "medianResTime" : 1157.0,
    "minResTime" : 628.0,
    "maxResTime" : 4066.0,
    "pct1ResTime" : 2010.0,
    "pct2ResTime" : 2176.0,
    "pct3ResTime" : 2895.600000000019,
    "throughput" : 11.787679383257224,
    "receivedKBytesPerSec" : 17.845161800901113,
    "sentKBytesPerSec" : 36.85694844733684
  },
  "CAM Specific getUserSpecificPermissions" : {
    "transaction" : "CAM Specific getUserSpecificPermissions",
    "sampleCount" : 378,
    "errorCount" : 0,
    "errorPct" : 0.0,
    "meanResTime" : 1189.9206349206365,
    "medianResTime" : 1121.0,
    "minResTime" : 922.0,
    "maxResTime" : 3700.0,
    "pct1ResTime" : 1414.1,
    "pct2ResTime" : 1494.15,
    "pct3ResTime" : 3270.939999999998,
    "throughput" : 4.102942613075145,
    "receivedKBytesPerSec" : 4.1069493929707255,
    "sentKBytesPerSec" : 13.130217717819578
  }
}