{
  "getUserSpecificPermissions" : {
    "transaction" : "getUserSpecificPermissions",
    "sampleCount" : 240,
    "errorCount" : 0,
    "errorPct" : 0.0,
    "meanResTime" : 1851.8,
    "medianResTime" : 1767.5,
    "minResTime" : 1561.0,
    "maxResTime" : 4004.0,
    "pct1ResTime" : 2081.3,
    "pct2ResTime" : 2328.5999999999995,
    "pct3ResTime" : 3703.73,
    "throughput" : 3.2317138855973284,
    "receivedKBytesPerSec" : 2.6762630615102876,
    "sentKBytesPerSec" : 9.685673745017775
  },
  "getUserOrganisationList" : {
    "transaction" : "getUserOrganisationList",
    "sampleCount" : 232,
    "errorCount" : 0,
    "errorPct" : 0.0,
    "meanResTime" : 766.1163793103447,
    "medianResTime" : 708.5,
    "minResTime" : 600.0,
    "maxResTime" : 2382.0,
    "pct1ResTime" : 897.0,
    "pct2ResTime" : 1106.25,
    "pct3ResTime" : 2023.7599999999898,
    "throughput" : 3.3507611427250934,
    "receivedKBytesPerSec" : 9.126920007799185,
    "sentKBytesPerSec" : 10.683823370114677
  },
  "Total" : {
    "transaction" : "Total",
    "sampleCount" : 701,
    "errorCount" : 0,
    "errorPct" : 0.0,
    "meanResTime" : 1239.0870185449342,
    "medianResTime" : 1062.0,
    "minResTime" : 600.0,
    "maxResTime" : 4004.0,
    "pct1ResTime" : 1908.2000000000007,
    "pct2ResTime" : 2037.9,
    "pct3ResTime" : 2454.98,
    "throughput" : 9.439297640848864,
    "receivedKBytesPerSec" : 14.27210115685258,
    "sentKBytesPerSec" : 29.514544921664605
  },
  "CAM Specific getUserSpecificPermissions" : {
    "transaction" : "CAM Specific getUserSpecificPermissions",
    "sampleCount" : 229,
    "errorCount" : 0,
    "errorPct" : 0.0,
    "meanResTime" : 1076.1091703056768,
    "medianResTime" : 1045.0,
    "minResTime" : 908.0,
    "maxResTime" : 1982.0,
    "pct1ResTime" : 1218.0,
    "pct2ResTime" : 1304.0,
    "pct3ResTime" : 1548.2999999999984,
    "throughput" : 3.3077189738849087,
    "receivedKBytesPerSec" : 3.3109491681953434,
    "sentKBytesPerSec" : 10.585346755293795
  }
}