{
  "getUserSpecificPermissions" : {
    "transaction" : "getUserSpecificPermissions",
    "sampleCount" : 15,
    "errorCount" : 0,
    "errorPct" : 0.0,
    "meanResTime" : 6086.8,
    "medianResTime" : 5526.0,
    "minResTime" : 2188.0,
    "maxResTime" : 7746.0,
    "pct1ResTime" : 7735.8,
    "pct2ResTime" : 7746.0,
    "pct3ResTime" : 7746.0,
    "throughput" : 1.9319938176197837,
    "receivedKBytesPerSec" : 1.5999323802163832,
    "sentKBytesPerSec" : 5.790321314721793
  },
  "getUserOrganisationList" : {
    "transaction" : "getUserOrganisationList",
    "sampleCount" : 15,
    "errorCount" : 0,
    "errorPct" : 0.0,
    "meanResTime" : 973.6,
    "medianResTime" : 871.0,
    "minResTime" : 709.0,
    "maxResTime" : 1407.0,
    "pct1ResTime" : 1284.6000000000001,
    "pct2ResTime" : 1407.0,
    "pct3ResTime" : 1407.0,
    "throughput" : 2.158583968916391,
    "receivedKBytesPerSec" : 5.875817338825731,
    "sentKBytesPerSec" : 6.882594393078141
  },
  "Total" : {
    "transaction" : "Total",
    "sampleCount" : 45,
    "errorCount" : 0,
    "errorPct" : 0.0,
    "meanResTime" : 2864.4666666666662,
    "medianResTime" : 1400.0,
    "minResTime" : 709.0,
    "maxResTime" : 7746.0,
    "pct1ResTime" : 7667.0,
    "pct2ResTime" : 7728.4,
    "pct3ResTime" : 7746.0,
    "throughput" : 4.2674253200568995,
    "receivedKBytesPerSec" : 6.4739286984352775,
    "sentKBytesPerSec" : 13.350984619487908
  },
  "CAM Specific getUserSpecificPermissions" : {
    "transaction" : "CAM Specific getUserSpecificPermissions",
    "sampleCount" : 15,
    "errorCount" : 0,
    "errorPct" : 0.0,
    "meanResTime" : 1533.0000000000002,
    "medianResTime" : 1373.0,
    "minResTime" : 1047.0,
    "maxResTime" : 4965.0,
    "pct1ResTime" : 2983.800000000001,
    "pct2ResTime" : 4965.0,
    "pct3ResTime" : 4965.0,
    "throughput" : 1.9703139366872455,
    "receivedKBytesPerSec" : 1.9722380713910415,
    "sentKBytesPerSec" : 6.305389424339944
  }
}