{
  "getUserSpecificPermissions" : {
    "transaction" : "getUserSpecificPermissions",
    "sampleCount" : 110,
    "errorCount" : 0,
    "errorPct" : 0.0,
    "meanResTime" : 1804.1909090909087,
    "medianResTime" : 1768.0,
    "minResTime" : 1533.0,
    "maxResTime" : 2460.0,
    "pct1ResTime" : 2034.7,
    "pct2ResTime" : 2136.7499999999995,
    "pct3ResTime" : 2443.94,
    "throughput" : 2.3550065297908325,
    "receivedKBytesPerSec" : 2.01693430334625,
    "sentKBytesPerSec" : 7.058120156179751
  },
  "getUserOrganisationList" : {
    "transaction" : "getUserOrganisationList",
    "sampleCount" : 108,
    "errorCount" : 0,
    "errorPct" : 0.0,
    "meanResTime" : 758.8611111111113,
    "medianResTime" : 700.0,
    "minResTime" : 604.0,
    "maxResTime" : 1372.0,
    "pct1ResTime" : 934.2,
    "pct2ResTime" : 1079.4999999999998,
    "pct3ResTime" : 1365.3399999999997,
    "throughput" : 2.4044348464946457,
    "receivedKBytesPerSec" : 6.530491308969878,
    "sentKBytesPerSec" : 7.666484154106462
  },
  "Total" : {
    "transaction" : "Total",
    "sampleCount" : 323,
    "errorCount" : 0,
    "errorPct" : 0.0,
    "meanResTime" : 1206.4953560371519,
    "medianResTime" : 1023.0,
    "minResTime" : 604.0,
    "maxResTime" : 2460.0,
    "pct1ResTime" : 1889.8000000000002,
    "pct2ResTime" : 1972.0,
    "pct3ResTime" : 2242.7599999999993,
    "throughput" : 6.676726543605432,
    "receivedKBytesPerSec" : 10.257570100460962,
    "sentKBytesPerSec" : 20.878800068989396
  },
  "CAM Specific getUserSpecificPermissions" : {
    "transaction" : "CAM Specific getUserSpecificPermissions",
    "sampleCount" : 105,
    "errorCount" : 0,
    "errorPct" : 0.0,
    "meanResTime" : 1040.7619047619048,
    "medianResTime" : 1012.0,
    "minResTime" : 882.0,
    "maxResTime" : 1467.0,
    "pct1ResTime" : 1192.6000000000004,
    "pct2ResTime" : 1240.1,
    "pct3ResTime" : 1466.82,
    "throughput" : 2.317624986204613,
    "receivedKBytesPerSec" : 2.399103989625869,
    "sentKBytesPerSec" : 7.4168526169848805
  }
}