{
  "getUserSpecificPermissions" : {
    "transaction" : "getUserSpecificPermissions",
    "sampleCount" : 219,
    "errorCount" : 0,
    "errorPct" : 0.0,
    "meanResTime" : 1792.2054794520548,
    "medianResTime" : 1681.0,
    "minResTime" : 1517.0,
    "maxResTime" : 4400.0,
    "pct1ResTime" : 2033.0,
    "pct2ResTime" : 2311.0,
    "pct3ResTime" : 4374.200000000001,
    "throughput" : 2.9902509626150358,
    "receivedKBytesPerSec" : 2.268969724562386,
    "sentKBytesPerSec" : 8.961992386978071
  },
  "getUserOrganisationList" : {
    "transaction" : "getUserOrganisationList",
    "sampleCount" : 208,
    "errorCount" : 0,
    "errorPct" : 0.0,
    "meanResTime" : 960.0240384615383,
    "medianResTime" : 708.0,
    "minResTime" : 577.0,
    "maxResTime" : 7304.0,
    "pct1ResTime" : 1021.2,
    "pct2ResTime" : 2944.899999999991,
    "pct3ResTime" : 7019.0799999999945,
    "throughput" : 3.041914065927638,
    "receivedKBytesPerSec" : 8.303223441750271,
    "sentKBytesPerSec" : 9.699071704349352
  },
  "Total" : {
    "transaction" : "Total",
    "sampleCount" : 633,
    "errorCount" : 0,
    "errorPct" : 0.0,
    "meanResTime" : 1404.6571879936794,
    "medianResTime" : 1126.0,
    "minResTime" : 577.0,
    "maxResTime" : 8263.0,
    "pct1ResTime" : 1979.6000000000001,
    "pct2ResTime" : 2548.9999999999995,
    "pct3ResTime" : 7255.719999999996,
    "throughput" : 8.643054152216063,
    "receivedKBytesPerSec" : 12.616948019641443,
    "sentKBytesPerSec" : 27.018784753987003
  },
  "CAM Specific getUserSpecificPermissions" : {
    "transaction" : "CAM Specific getUserSpecificPermissions",
    "sampleCount" : 206,
    "errorCount" : 0,
    "errorPct" : 0.0,
    "meanResTime" : 1441.6019417475727,
    "medianResTime" : 1080.0,
    "minResTime" : 873.0,
    "maxResTime" : 8263.0,
    "pct1ResTime" : 1891.1000000000006,
    "pct2ResTime" : 4062.949999999981,
    "pct3ResTime" : 8261.93,
    "throughput" : 2.988712532280997,
    "receivedKBytesPerSec" : 2.75813803027885,
    "sentKBytesPerSec" : 9.564463836215651
  }
}