{
  "getUserSpecificPermissions" : {
    "transaction" : "getUserSpecificPermissions",
    "sampleCount" : 5,
    "errorCount" : 0,
    "errorPct" : 0.0,
    "meanResTime" : 2443.2,
    "medianResTime" : 2505.0,
    "minResTime" : 2212.0,
    "maxResTime" : 2507.0,
    "pct1ResTime" : 2507.0,
    "pct2ResTime" : 2507.0,
    "pct3ResTime" : 2507.0,
    "throughput" : 1.9904458598726114,
    "receivedKBytesPerSec" : 1.5103285479697452,
    "sentKBytesPerSec" : 5.965506195262739
  },
  "getUserOrganisationList" : {
    "transaction" : "getUserOrganisationList",
    "sampleCount" : 5,
    "errorCount" : 0,
    "errorPct" : 0.0,
    "meanResTime" : 1243.8,
    "medianResTime" : 670.0,
    "minResTime" : 639.0,
    "maxResTime" : 3477.0,
    "pct1ResTime" : 3477.0,
    "pct2ResTime" : 3477.0,
    "pct3ResTime" : 3477.0,
    "throughput" : 1.3347570742124935,
    "receivedKBytesPerSec" : 3.6421662273091298,
    "sentKBytesPerSec" : 4.255841647757608
  },
  "Total" : {
    "transaction" : "Total",
    "sampleCount" : 15,
    "errorCount" : 0,
    "errorPct" : 0.0,
    "meanResTime" : 1587.7333333333333,
    "medianResTime" : 1095.0,
    "minResTime" : 639.0,
    "maxResTime" : 3477.0,
    "pct1ResTime" : 2895.0000000000005,
    "pct2ResTime" : 3477.0,
    "pct3ResTime" : 3477.0,
    "throughput" : 2.1240441801189465,
    "receivedKBytesPerSec" : 3.122593856202209,
    "sentKBytesPerSec" : 6.645243689818748
  },
  "CAM Specific getUserSpecificPermissions" : {
    "transaction" : "CAM Specific getUserSpecificPermissions",
    "sampleCount" : 5,
    "errorCount" : 0,
    "errorPct" : 0.0,
    "meanResTime" : 1076.2,
    "medianResTime" : 1070.0,
    "minResTime" : 1026.0,
    "maxResTime" : 1143.0,
    "pct1ResTime" : 1143.0,
    "pct2ResTime" : 1143.0,
    "pct3ResTime" : 1143.0,
    "throughput" : 1.1984659635666348,
    "receivedKBytesPerSec" : 1.1060061870805369,
    "sentKBytesPerSec" : 3.8353251587967403
  }
}