{
  "getUserSpecificPermissions" : {
    "transaction" : "getUserSpecificPermissions",
    "sampleCount" : 111,
    "errorCount" : 0,
    "errorPct" : 0.0,
    "meanResTime" : 1971.828828828829,
    "medianResTime" : 1657.0,
    "minResTime" : 1541.0,
    "maxResTime" : 9674.0,
    "pct1ResTime" : 1901.9999999999998,
    "pct2ResTime" : 3818.799999999968,
    "pct3ResTime" : 9660.08,
    "throughput" : 2.2327714527094984,
    "receivedKBytesPerSec" : 1.6942025573782034,
    "sentKBytesPerSec" : 6.691773035513135
  },
  "getUserOrganisationList" : {
    "transaction" : "getUserOrganisationList",
    "sampleCount" : 105,
    "errorCount" : 0,
    "errorPct" : 0.0,
    "meanResTime" : 781.4285714285718,
    "medianResTime" : 678.0,
    "minResTime" : 597.0,
    "maxResTime" : 5248.0,
    "pct1ResTime" : 775.4000000000001,
    "pct2ResTime" : 866.5,
    "pct3ResTime" : 5247.4,
    "throughput" : 2.41696015468545,
    "receivedKBytesPerSec" : 6.591004484324287,
    "sentKBytesPerSec" : 7.706420805710932
  },
  "Total" : {
    "transaction" : "Total",
    "sampleCount" : 320,
    "errorCount" : 0,
    "errorPct" : 0.0,
    "meanResTime" : 1304.921875,
    "medianResTime" : 1006.5,
    "minResTime" : 597.0,
    "maxResTime" : 9674.0,
    "pct1ResTime" : 1709.3000000000002,
    "pct2ResTime" : 1913.249999999999,
    "pct3ResTime" : 8845.20000000007,
    "throughput" : 6.436818602405761,
    "receivedKBytesPerSec" : 9.384499650500866,
    "sentKBytesPerSec" : 20.120794067063603
  },
  "CAM Specific getUserSpecificPermissions" : {
    "transaction" : "CAM Specific getUserSpecificPermissions",
    "sampleCount" : 104,
    "errorCount" : 0,
    "errorPct" : 0.0,
    "meanResTime" : 1121.6538461538464,
    "medianResTime" : 998.5,
    "minResTime" : 747.0,
    "maxResTime" : 5420.0,
    "pct1ResTime" : 1083.5,
    "pct2ResTime" : 1492.5,
    "pct3ResTime" : 5415.05,
    "throughput" : 2.2524473707008577,
    "receivedKBytesPerSec" : 2.078801478710041,
    "sentKBytesPerSec" : 7.208271517369835
  }
}