{
  "getUserSpecificPermissions" : {
    "transaction" : "getUserSpecificPermissions",
    "sampleCount" : 25,
    "errorCount" : 0,
    "errorPct" : 0.0,
    "meanResTime" : 4837.52,
    "medianResTime" : 4908.0,
    "minResTime" : 4152.0,
    "maxResTime" : 5320.0,
    "pct1ResTime" : 5184.4,
    "pct2ResTime" : 5279.5,
    "pct3ResTime" : 5320.0,
    "throughput" : 4.6869141357330335,
    "receivedKBytesPerSec" : 3.556379183070866,
    "sentKBytesPerSec" : 14.04701121344207
  },
  "getUserOrganisationList" : {
    "transaction" : "getUserOrganisationList",
    "sampleCount" : 25,
    "errorCount" : 0,
    "errorPct" : 0.0,
    "meanResTime" : 1223.0,
    "medianResTime" : 961.0,
    "minResTime" : 594.0,
    "maxResTime" : 3387.0,
    "pct1ResTime" : 3371.0,
    "pct2ResTime" : 3385.8,
    "pct3ResTime" : 3387.0,
    "throughput" : 5.686988171064604,
    "receivedKBytesPerSec" : 15.509260904799818,
    "sentKBytesPerSec" : 18.13282849465423
  },
  "Total" : {
    "transaction" : "Total",
    "sampleCount" : 75,
    "errorCount" : 0,
    "errorPct" : 0.0,
    "meanResTime" : 2392.3466666666686,
    "medianResTime" : 1194.0,
    "minResTime" : 594.0,
    "maxResTime" : 5320.0,
    "pct1ResTime" : 4964.0,
    "pct2ResTime" : 5162.4,
    "pct3ResTime" : 5320.0,
    "throughput" : 7.827175954915466,
    "receivedKBytesPerSec" : 11.502789246764767,
    "sentKBytesPerSec" : 24.48795185634523
  },
  "CAM Specific getUserSpecificPermissions" : {
    "transaction" : "CAM Specific getUserSpecificPermissions",
    "sampleCount" : 25,
    "errorCount" : 0,
    "errorPct" : 0.0,
    "meanResTime" : 1116.5200000000002,
    "medianResTime" : 1101.0,
    "minResTime" : 951.0,
    "maxResTime" : 1370.0,
    "pct1ResTime" : 1260.0000000000002,
    "pct2ResTime" : 1355.0,
    "pct3ResTime" : 1370.0,
    "throughput" : 5.451373746184038,
    "receivedKBytesPerSec" : 5.030808779437418,
    "sentKBytesPerSec" : 17.445460709223724
  }
}