{
  "getUserSpecificPermissions" : {
    "transaction" : "getUserSpecificPermissions",
    "sampleCount" : 102,
    "errorCount" : 0,
    "errorPct" : 0.0,
    "meanResTime" : 1983.7549019607852,
    "medianResTime" : 1926.5,
    "minResTime" : 1635.0,
    "maxResTime" : 3056.0,
    "pct1ResTime" : 2346.5,
    "pct2ResTime" : 2635.0499999999993,
    "pct3ResTime" : 3051.4399999999996,
    "throughput" : 2.205310040646891,
    "receivedKBytesPerSec" : 1.8262723774107064,
    "sentKBytesPerSec" : 6.609469252680965
  },
  "getUserOrganisationList" : {
    "transaction" : "getUserOrganisationList",
    "sampleCount" : 100,
    "errorCount" : 0,
    "errorPct" : 0.0,
    "meanResTime" : 787.66,
    "medianResTime" : 732.0,
    "minResTime" : 645.0,
    "maxResTime" : 1851.0,
    "pct1ResTime" : 1007.3000000000002,
    "pct2ResTime" : 1049.85,
    "pct3ResTime" : 1844.4099999999967,
    "throughput" : 2.2399928320229376,
    "receivedKBytesPerSec" : 6.10249297202249,
    "sentKBytesPerSec" : 7.1421646450731355
  },
  "Total" : {
    "transaction" : "Total",
    "sampleCount" : 297,
    "errorCount" : 0,
    "errorPct" : 0.0,
    "meanResTime" : 1325.5286195286196,
    "medianResTime" : 1146.0,
    "minResTime" : 645.0,
    "maxResTime" : 3056.0,
    "pct1ResTime" : 2095.6,
    "pct2ResTime" : 2272.6,
    "pct3ResTime" : 2791.299999999998,
    "throughput" : 6.179389551214031,
    "receivedKBytesPerSec" : 9.404221900162286,
    "sentKBytesPerSec" : 19.31979657558829
  },
  "CAM Specific getUserSpecificPermissions" : {
    "transaction" : "CAM Specific getUserSpecificPermissions",
    "sampleCount" : 95,
    "errorCount" : 0,
    "errorPct" : 0.0,
    "meanResTime" : 1184.9789473684216,
    "medianResTime" : 1120.0,
    "minResTime" : 962.0,
    "maxResTime" : 2146.0,
    "pct1ResTime" : 1445.0,
    "pct2ResTime" : 1484.7999999999997,
    "pct3ResTime" : 2146.0,
    "throughput" : 2.1208197526454438,
    "receivedKBytesPerSec" : 2.1228908656851364,
    "sentKBytesPerSec" : 6.787037431073358
  }
}