{
  "getUserSpecificPermissions" : {
    "transaction" : "getUserSpecificPermissions",
    "sampleCount" : 5,
    "errorCount" : 0,
    "errorPct" : 0.0,
    "meanResTime" : 2113.2,
    "medianResTime" : 2123.0,
    "minResTime" : 2008.0,
    "maxResTime" : 2200.0,
    "pct1ResTime" : 2200.0,
    "pct2ResTime" : 2200.0,
    "pct3ResTime" : 2200.0,
    "throughput" : 2.2727272727272725,
    "receivedKBytesPerSec" : 1.8821022727272725,
    "sentKBytesPerSec" : 6.811523437499999
  },
  "getUserOrganisationList" : {
    "transaction" : "getUserOrganisationList",
    "sampleCount" : 5,
    "errorCount" : 0,
    "errorPct" : 0.0,
    "meanResTime" : 737.6,
    "medianResTime" : 678.0,
    "minResTime" : 597.0,
    "maxResTime" : 1002.0,
    "pct1ResTime" : 1002.0,
    "pct2ResTime" : 1002.0,
    "pct3ResTime" : 1002.0,
    "throughput" : 4.468275245755138,
    "receivedKBytesPerSec" : 12.161213974530831,
    "sentKBytesPerSec" : 14.246990895889187
  },
  "Total" : {
    "transaction" : "Total",
    "sampleCount" : 15,
    "errorCount" : 0,
    "errorPct" : 0.0,
    "meanResTime" : 1337.1999999999998,
    "medianResTime" : 1178.0,
    "minResTime" : 597.0,
    "maxResTime" : 2200.0,
    "pct1ResTime" : 2174.2,
    "pct2ResTime" : 2200.0,
    "pct3ResTime" : 2200.0,
    "throughput" : 3.5637918745545263,
    "receivedKBytesPerSec" : 5.40601241387503,
    "sentKBytesPerSec" : 11.149610581492041
  },
  "CAM Specific getUserSpecificPermissions" : {
    "transaction" : "CAM Specific getUserSpecificPermissions",
    "sampleCount" : 5,
    "errorCount" : 0,
    "errorPct" : 0.0,
    "meanResTime" : 1160.8,
    "medianResTime" : 1178.0,
    "minResTime" : 1075.0,
    "maxResTime" : 1214.0,
    "pct1ResTime" : 1214.0,
    "pct2ResTime" : 1214.0,
    "pct3ResTime" : 1214.0,
    "throughput" : 3.4364261168384878,
    "receivedKBytesPerSec" : 3.439782001718213,
    "sentKBytesPerSec" : 10.997234750859105
  }
}